<?xml version="1.0" encoding="utf-8"?>
<assets>
    <Tour>
        <Point id="0">
            <lat>35.310455</lat>
            <lng>-83.185925</lng>
        </Point>

        <Point id="1">
            <lat>35.310334</lat>
            <lng>-83.185852</lng>
        </Point>

        <Point id="2">
            <lat>35.310131</lat>
            <lng>-83.186173</lng>
        </Point>

        <Point id="3">
            <lat>35.310046</lat>
            <lng>-83.186284</lng>
        </Point>
       <!-- where you left off last -->
        <Point id="4">
            <lat>35.312829</lat>
            <lng>-83.179854</lng>
        </Point>

        <Point id="5">
            <lat>35.312804</lat>
            <lng>-83.179894</lng>
        </Point>

        <Point id="6">
            <lat>35.312722</lat>
            <lng>-83.179983</lng>
        </Point>

        <Point id="7">
            <lat>35.312693</lat>
            <lng>-83.180012</lng>
        </Point>

        <Point id="8">
            <lat>35.312686</lat>
            <lng>-83.180031</lng>
        </Point>

        <Point id="9">
            <lat>35.312668</lat>
            <lng>-83.180060</lng>
        </Point>

        <Point id="10">
            <lat>35.312653</lat>
            <lng>-83.180082</lng>
        </Point>

        <Point id="11">
            <lat>35.312493</lat>
            <lng>-83.180285</lng>
        </Point>

        <Point id="12">
            <lat>35.312467</lat>
            <lng>-83.180417</lng>
        </Point>

        <Point id="13">
            <lat>35.312451</lat>
            <lng>-83.180442</lng>
        </Point>

        <Point id="14">
            <lat>35.312399</lat>
            <lng>-83.180517</lng>
        </Point>

        <Point id="15">
            <lat>35.312308</lat>
            <lng>-83.180618</lng>
        </Point>

        <Point id="16">
            <lat>35.312278</lat>
            <lng>-83.180678</lng>
        </Point>

        <Point id="17">
            <lat>35.312244</lat>
            <lng>-83.180706</lng>
        </Point>

        <Point id="18">
            <lat>35.312042</lat>
            <lng>-83.180972</lng>
        </Point>

        <Point id="19">
            <lat>35.312019</lat>
            <lng>-83.181032</lng>
        </Point>

        <Point id="20">
            <lat>35.312004</lat>
            <lng>-83.181142</lng>
        </Point>

        <Point id="21">
            <lat>35.311991</lat>
            <lng>-83.181198</lng>
        </Point>

        <Point id="22">
            <lat>35.311846</lat>
            <lng>-83.181161</lng>
        </Point>

        <Point id="23">
            <lat>35.311680</lat>
            <lng>-83.181116</lng>
        </Point>

        <Point id="24">
            <lat>35.311655</lat>
            <lng>-83.181218</lng>
        </Point>

        <Point id="25">
            <lat>35.311644</lat>
            <lng>-83.181266</lng>
        </Point>

        <Point id="26">
            <lat>35.311624</lat>
            <lng>-83.181347</lng>
        </Point>

        <Point id="27">
            <lat>35.311589</lat>
            <lng>-83.181381</lng>
        </Point>

        <Point id="28">
            <lat>35.311496</lat>
            <lng>-83.181435</lng>
        </Point>

        <Point id="29">
            <lat>35.311496</lat>
            <lng>-83.181435</lng>
        </Point>

        <Point id="30">
            <lat>35.311139</lat>
            <lng>-83.181627</lng>
        </Point>

        <Point id="31">
            <lat>35.311128</lat>
            <lng>-83.181631</lng>
        </Point>

        <Point id="32">
            <lat>35.311049</lat>
            <lng>-83.181629</lng>
        </Point>

        <Point id="33">
            <lat>35.311012</lat>
            <lng>-83.181644</lng>
        </Point>

        <Point id="34">
            <lat>35.310985</lat>
            <lng>-83.181684</lng>
        </Point>

        <Point id="35">
            <lat>35.310948</lat>
            <lng>-83.181708</lng>
        </Point>

        <Point id="36">
            <lat>35.310891</lat>
            <lng>-83.181713</lng>
        </Point>

        <Point id="37">
            <lat>35.310823</lat>
            <lng>-83.181719</lng>
        </Point>

        <Point id="38">
            <lat>35.310770</lat>
            <lng>-83.181722</lng>
        </Point>

        <Point id="39">
            <lat>35.310747</lat>
            <lng>-83.181844</lng>
        </Point>

        <Point id="40">
            <lat>35.310676</lat>
            <lng>-83.182253</lng>
        </Point>

        <Point id="41">
            <lat>35.310615</lat>
            <lng>-83.182319</lng>
        </Point>

        <Point id="42">
            <lat>35.310561</lat>
            <lng>-83.182363</lng>
        </Point>

        <Point id="43">
            <lat>35.310554</lat>
            <lng>-83.182394</lng>
        </Point>

        <Point id="44">
            <lat>35.310521</lat>
            <lng>-83.182678</lng>
        </Point>

        <Point id="45">
            <lat>35.310413</lat>
            <lng>-83.182663</lng>
        </Point>

        <Point id="46">
            <lat>35.310353</lat>
            <lng>-83.182650</lng>
        </Point>

        <Point id="47">
            <lat>35.310104</lat>
            <lng>-83.182607</lng>
        </Point>


        <Point id="48">
            <lat>35.309928</lat>
            <lng>-83.182782</lng>
        </Point>

        <Point id="49">
            <lat>35.309857</lat>
            <lng>-83.183046</lng>
        </Point>

        <Point id="50">
            <lat>35.309486</lat>
            <lng>-83.183247</lng>
        </Point>

        <Point id="51">
            <lat>35.309099</lat>
            <lng>-83.183206</lng>
        </Point>

        <Point id="52">
            <lat>35.308619</lat>
            <lng>-83.183150</lng>
        </Point>

        <Point id="53">
            <lat>35.308440</lat>
            <lng>-83.183121</lng>
        </Point>

        <Point id="54">
            <lat>35.308000</lat>
            <lng>-83.183077</lng>
        </Point>

        <Point id="55">
            <lat>35.307838</lat>
            <lng>-83.183053</lng>
        </Point>

        <Point id="56">
            <lat>35.307702</lat>
            <lng>-83.183013</lng>
        </Point>

        <Point id="57">
            <lat>35.307542</lat>
            <lng>-83.183023</lng>
        </Point>

        <Point id="58">
            <lat>35.307356</lat>
            <lng>-83.183029</lng>
        </Point>

        <Point id="59">
            <lat>35.307016</lat>
            <lng>-83.182955</lng>
        </Point>

        <Point id="60">
            <lat>35.306921</lat>
            <lng>-83.182966</lng>
        </Point>

        <Point id="61">
            <lat>35.306633</lat>
            <lng>-83.183033</lng>
        </Point>

        <Point id="62">
            <lat>35.306468</lat>
            <lng>-83.182944</lng>
        </Point>

        <Point id="63">
            <lat>35.306514</lat>
            <lng>-83.182846</lng>
        </Point>

        <Point id="64">
            <lat>35.306580</lat>
            <lng>-83.182713</lng>
        </Point>

        <Point id="65">
            <lat>35.306477</lat>
            <lng>-83.182571</lng>
        </Point>

        <Point id="66">
            <lat>35.306461</lat>
            <lng>-83.182530</lng>
        </Point>

        <Point id="67">
            <lat>35.306349</lat>
            <lng>-83.182445</lng>
        </Point>

        <Point id="68">
            <lat>35.305991</lat>
            <lng>-83.182320</lng>
        </Point>

        <Point id="69">
            <lat>35.305916</lat>
            <lng>-83.182308</lng>
        </Point>

        <Point id="70">
            <lat>35.305882</lat>
            <lng>-83.182312</lng>
        </Point>

        <Point id="71">
            <lat>35.305826</lat>
            <lng>-83.182362</lng>
        </Point>

        <Point id="72">
            <lat>35.305792</lat>
            <lng>-83.182424</lng>
        </Point>

        <Point id="73">
            <lat>35.305697</lat>
            <lng>-83.182389</lng>
        </Point>

        <Point id="74">
            <lat>35.305741</lat>
            <lng>-83.182305</lng>
        </Point>

        <Point id="75">
            <lat>35.305789</lat>
            <lng>-83.182244</lng>
        </Point>

        <Point id="76">
            <lat>35.305726</lat>
            <lng>-83.182019</lng>
        </Point>

        <Point id="77">
            <lat>35.305624</lat>
            <lng>-83.181850</lng>
        </Point>

        <Point id="78">
            <lat>35.305545</lat>
            <lng>-83.181801</lng>
        </Point>



    </Tour>
</assets>